{"cameraMode":{"drawMode":0,"name":"Shaded","section":"Shading Mode"},"sceneLighting":false,"audioPlay":false,"sceneViewState":{"showFog":true,"showMaterialUpdate":false,"showSkybox":false,"showFlares":true,"showImageEffects":true,"showParticleSystems":true},"in2DMode":false,"pivot":{"x":9.634709358215332,"y":2.0732951164245607,"z":15.346039772033692},"rotation":{"x":-0.14201860129833222,"y":-0.0023823052179068329,"z":0.00034192571183666587,"w":-0.9898654818534851},"size":2.0005202293395998,"orthographic":true}